,Accuracy,Precision,Recall,F1-score
Random Forest,0.8099742046431643,0.9030054644808743,0.815043156596794,0.8567725210628644
Support Vector Machines,0.852536543422184,0.8961748633879781,0.8729208250166334,0.8843950117964273
Naive Bayes,0.8641444539982803,0.9234972677595629,0.8688946015424165,0.8953642384105961
Logistic Regression,0.8288907996560619,0.9467213114754098,0.8124267291910903,0.8744479495268139
MLP,0.854256233877902,0.8872950819672131,0.8818737270875764,0.8845760980592441
